{"_wandb":{"runtime":821},"test/accuracy":88.45218800648298,"_runtime":821,"lr":1e-06,"_timestamp":1.7842980099790344e+09,"train/accuracy":98.76016260162602,"epoch":99,"_step":99,"train/loss":5.176841643173248}