{"_timestamp":1.7843061061132083e+09,"epoch":99,"train/loss":13.433231437578797,"test/accuracy":75.2836304700162,"_runtime":865,"lr":1e-06,"_step":99,"_wandb":{"runtime":865},"train/accuracy":97.04268292682927}