{"lr":1e-06,"_step":99,"train/loss":12.302392469719052,"test/accuracy":89.26256077795786,"_timestamp":1.7842988732974584e+09,"_wandb":{"runtime":774},"_runtime":774,"train/accuracy":97.51016260162602,"epoch":99}