{"train/accuracy":58.88211382113821,"_wandb":{"runtime":85},"_step":8,"_runtime":85,"lr":0.0002986939783643827,"_timestamp":1.7843066770114002e+09,"train/loss":217.16550880670547,"test/accuracy":24.06807131280389,"epoch":8}