{"lr":1e-06,"test/accuracy":62.92544570502431,"epoch":99,"_wandb":{"runtime":914},"train/loss":21.453653931617737,"_timestamp":1.7843013288306913e+09,"_step":99,"train/accuracy":95.44715447154472,"_runtime":914}