{"train/accuracy":81.75813008130082,"test/accuracy":45.09724473257698,"lr":0.00022381831382266095,"_step":36,"train/loss":86.56941065192223,"_runtime":331,"_timestamp":1.7843030753194184e+09,"_wandb":{"runtime":331},"epoch":36}