{"test/accuracy":75.81037277147487,"_wandb":{"runtime":331},"lr":0.00021947050386531385,"_runtime":331,"train/accuracy":92.67276422764228,"_timestamp":1.7843065323601089e+09,"_step":37,"epoch":37,"train/loss":33.308880507946014}