{"test/accuracy":48.41977309562399,"_timestamp":1.7843025962263088e+09,"epoch":45,"_runtime":458,"_wandb":{"runtime":458},"train/loss":71.57966427505016,"lr":0.00018238829479619024,"train/accuracy":84.7560975609756,"_step":45}