{"train/loss":53.670143470168114,"lr":0.00023636213507110005,"train/accuracy":88.38414634146342,"_step":33,"_timestamp":1.7842997386332247e+09,"_runtime":311,"test/accuracy":66.3290113452188,"_wandb":{"runtime":311},"epoch":33}