{"train/loss":14.484327403828502,"train/accuracy":96.4430894308943,"test/accuracy":88.33063209076175,"lr":1e-06,"_step":99,"epoch":99,"_wandb":{"runtime":800},"_timestamp":1.7842809818047335e+09,"_runtime":800}