{"_runtime":815,"test/accuracy":88.97893030794165,"train/loss":5.602128414902836,"_wandb":{"runtime":815},"_step":99,"epoch":99,"_timestamp":1.7842964941666114e+09,"train/accuracy":98.76016260162602,"lr":1e-06}