{"lr":0.00011433267660776328,"_wandb":{"runtime":435},"train/loss":26.765500158071518,"epoch":52,"test/accuracy":87.39870340356563,"train/accuracy":93.8821138211382,"_runtime":435,"_step":52,"_timestamp":1.7842800987303972e+09}