{"train/loss":69.01920878887177,"train/accuracy":85.41666666666667,"lr":0.0001726654153329204,"epoch":47,"_timestamp":1.7843075073691869e+09,"_runtime":459,"test/accuracy":41.28849270664506,"_step":47,"_wandb":{"runtime":459}}